date,account,department,actual,budget,prior_year
2026-01-31,Revenue,Sales,1160000,1100000,1030000
2026-01-31,COGS,Operations,448000,440000,418000
2026-01-31,Marketing Spend,Marketing,80000,78000,70000
2026-01-31,Headcount Cost,HR,300000,305000,280000
2026-01-31,IT Infrastructure,Technology,44000,45000,43000
2026-01-31,Legal & Compliance,Admin,24000,25000,21000
2026-01-31,R&D Expense,Product,370000,380000,175000
2026-02-28,Revenue,Sales,1160000,1130000,1080000
2026-02-28,COGS,Operations,455000,440000,410000
2026-02-28,Marketing Spend,Marketing,82000,78000,71000
2026-02-28,Headcount Cost,HR,300000,310000,285000
2026-02-28,IT Infrastructure,Technology,44000,45000,43000
2026-02-28,Legal & Compliance,Admin,,24000,21000
2026-02-28,R&D Expense,Product,370000,380000,175000
2026-03-31,Revenue,Sales,1250000,1100000,1050000
2026-03-31,COGS,Operations,480000,420000,390000
2026-03-31,Marketing Spend,Marketing,95000,80000,72000
2026-03-31,Headcount Cost,HR,310000,320000,290000
2026-03-31,IT Infrastructure,Technology,0,45000,0
2026-03-31,Legal & Compliance,Admin,,25000,22000
2026-03-31,R&D Expense,Product,890000,400000,180000
2026-04-30,Revenue,Sales,1265000,1205000,1135000
2026-04-30,COGS,Operations,490000,482000,457900
2026-04-30,Marketing Spend,Marketing,87500,85500,77200
2026-04-30,Headcount Cost,HR,319500,324500,298000
2026-04-30,IT Infrastructure,Technology,45200,46200,44140
2026-04-30,Legal & Compliance,Admin,24900,25900,21840
2026-04-30,R&D Expense,Product,391000,401000,184000
2026-05-31,Revenue,Sales,1300000,1240000,1170000
2026-05-31,COGS,Operations,504000,496000,471200
2026-05-31,Marketing Spend,Marketing,90000,88000,79600
2026-05-31,Headcount Cost,HR,326000,331000,304000
2026-05-31,IT Infrastructure,Technology,45600,46600,44520
2026-05-31,Legal & Compliance,Admin,25200,26200,22120
2026-05-31,R&D Expense,Product,398000,408000,187000
2026-06-30,Revenue,Sales,1335000,1275000,1205000
2026-06-30,COGS,Operations,518000,510000,484500
2026-06-30,Marketing Spend,Marketing,92500,90500,82000
2026-06-30,Headcount Cost,HR,332500,337500,310000
2026-06-30,IT Infrastructure,Technology,46000,47000,44900
2026-06-30,Legal & Compliance,Admin,25500,26500,22400
2026-06-30,R&D Expense,Product,405000,415000,190000
2026-07-31,Revenue,Sales,540000,1200000,1150000
2026-07-31,COGS,Operations,520000,470000,450000
2026-07-31,Marketing Spend,Marketing,88000,85000,80000
2026-07-31,Headcount Cost,HR,345000,340000,320000
2026-07-31,IT Infrastructure,Technology,47000,45000,44000
2026-07-31,Legal & Compliance,Admin,26000,25000,24000
2026-07-31,R&D Expense,Product,410000,420000,380000
2026-08-31,Revenue,Sales,1405000,1345000,1275000
2026-08-31,COGS,Operations,546000,538000,511100
2026-08-31,Marketing Spend,Marketing,97500,95500,86800
2026-08-31,Headcount Cost,HR,345500,350500,322000
2026-08-31,IT Infrastructure,Technology,46800,47800,45660
2026-08-31,Legal & Compliance,Admin,26100,27100,22960
2026-08-31,R&D Expense,Product,419000,429000,196000
2026-09-30,Revenue,Sales,1320000,1280000,1200000
2026-09-30,COGS,Operations,545000,510000,480000
2026-09-30,Marketing Spend,Marketing,165000,100000,90000
2026-09-30,Headcount Cost,HR,360000,355000,330000
2026-09-30,IT Infrastructure,Technology,48000,46000,45000
2026-09-30,Legal & Compliance,Admin,27000,26000,25000
2026-09-30,R&D Expense,Product,430000,440000,400000
2026-10-31,Revenue,Sales,1475000,1415000,1345000
2026-10-31,COGS,Operations,574000,566000,537700
2026-10-31,Marketing Spend,Marketing,102500,100500,91600
2026-10-31,Headcount Cost,HR,358500,363500,334000
2026-10-31,IT Infrastructure,Technology,47600,48600,46420
2026-10-31,Legal & Compliance,Admin,26700,27700,23520
2026-10-31,R&D Expense,Product,433000,443000,202000
2026-11-30,Revenue,Sales,1440000,1400000,1300000
2026-11-30,COGS,Operations,590000,560000,520000
2026-11-30,Marketing Spend,Marketing,118000,110000,100000
2026-11-30,Headcount Cost,HR,378000,370000,345000
2026-11-30,IT Infrastructure,Technology,0,50000,47000
2026-11-30,Legal & Compliance,Admin,29000,28000,26000
2026-11-30,R&D Expense,Product,455000,460000,420000
2026-12-31,Revenue,Sales,1545000,1485000,1415000
2026-12-31,COGS,Operations,602000,594000,564300
2026-12-31,Marketing Spend,Marketing,107500,105500,96400
2026-12-31,Headcount Cost,HR,371500,376500,346000
2026-12-31,IT Infrastructure,Technology,48400,49400,47180
2026-12-31,Legal & Compliance,Admin,27300,28300,24080
2026-12-31,R&D Expense,Product,447000,457000,208000
